{"cameraMode":{"drawMode":0,"name":"Shaded","section":"Shading Mode"},"sceneLighting":true,"audioPlay":false,"sceneViewState":{"showFog":true,"showMaterialUpdate":false,"showSkybox":true,"showFlares":true,"showImageEffects":true,"showParticleSystems":true},"in2DMode":false,"pivot":{"x":-82.63533782958985,"y":-36.963016510009769,"z":40.24412536621094},"rotation":{"x":-0.17470677196979524,"y":0.5950176119804382,"z":-0.13450075685977937,"w":-0.7728810906410217},"size":125.93927001953125,"orthographic":false}